{"cameraMode":{"drawMode":0,"name":"Shaded","section":"Shading Mode"},"sceneLighting":false,"audioPlay":false,"sceneViewState":{"m_AlwaysRefresh":false,"showFog":true,"showSkybox":false,"showFlares":true,"showImageEffects":true,"showParticleSystems":true,"showVisualEffectGraphs":true,"m_FxEnabled":true},"in2DMode":false,"pivot":{"x":-0.2387107014656067,"y":0.5052615404129028,"z":-0.11932170391082764},"rotation":{"x":-0.030413653701543809,"y":0.9603680968284607,"z":-0.11610222607851029,"w":-0.25157424807548525},"size":0.8660283088684082,"orthographic":false}